-- Clear existing data
TRUNCATE TABLE turnovers, passes, shots, players, games, teams CASCADE;

-- Insert teams data
INSERT INTO teams (team_id, name) VALUES 
(1, 'Tune Squad'),
(2, 'Monstars'),
(3, 'Timberwolves'),
(4, 'Harlem Buckets'),
(5, 'P.U.'),
(6, 'Cadwallader University'),
(7, 'Beavers'),
(8, 'Digital Tune Squad'),
(9, 'Goon Squad'),
(10, 'Eagles');

-- Insert games data
INSERT INTO games (game_id, date) VALUES 
(0, '2023-11-13'),
(1, '2023-11-14'),
(2, '2023-11-15'),
(3, '2023-11-16'),
(4, '2023-11-17'),
(5, '2023-11-18'),
(6, '2023-11-19'),
(7, '2023-11-20'),
(8, '2023-11-21'),
(9, '2023-11-22'),
(10, '2023-11-23'),
(11, '2023-11-24'),
(12, '2023-11-25'),
(13, '2023-11-26'),
(14, '2023-11-27'),
(15, '2023-11-28'),
(16, '2023-11-29'),
(17, '2023-11-30'),
(18, '2023-12-01'),
(19, '2023-12-02'),
(20, '2023-12-03'),
(21, '2023-12-04'),
(22, '2023-12-05'),
(23, '2023-12-06'),
(24, '2023-12-07'),
(25, '2023-12-08'),
(26, '2023-12-09'),
(27, '2023-12-10'),
(28, '2023-12-11'),
(29, '2023-12-12'),
(30, '2023-12-13'),
(31, '2023-12-14'),
(32, '2023-12-15'),
(33, '2023-12-16'),
(34, '2023-12-17'),
(35, '2023-12-18'),
(36, '2023-12-19'),
(37, '2023-12-20'),
(38, '2023-12-21');

-- Insert players data
INSERT INTO players (player_id, name, team_id) VALUES 
(0, 'Michael Jordan', 1),
(1, 'Pound', 2),
(2, 'Buddy', 3),
(3, 'Uncle Drew', 4),
(4, 'Goofy', 5),
(5, 'David Greene', 6),
(6, 'Scott Howard', 7),
(7, 'LeBron James', 8),
(8, 'Chronos', 9),
(9, 'Brian Newall', 10);

-- Insert shots data
INSERT INTO shots (shot_id, points, shooting_foul_drawn, shot_loc_x, shot_loc_y, action_type, game_id, player_id) VALUES 
(0, 0, false, -3.62, 25.68, 'pickAndRoll', 0, 0),
(1, 0, false, 17.04, 19.11, 'pickAndRoll', 1, 0),
(2, 0, false, 13.06, 13.33, 'pickAndRoll', 1, 0),
(3, 0, false, -9.65, 7.56, 'pickAndRoll', 1, 0),
(4, 0, false, -3.79, 31.49, 'pickAndRoll', 1, 0),
(5, 0, false, 2.49, -0.01, 'pickAndRoll', 2, 0),
(6, 3, false, 19.85, 16.21, 'pickAndRoll', 2, 0),
(7, 2, false, 6.97, 14.72, 'pickAndRoll', 2, 0),
(8, 2, false, -1.24, 1.47, 'pickAndRoll', 2, 0),
(9, 0, false, -7.73, 7.73, 'pickAndRoll', 3, 0),
(10, 3, true, 16.12, 9.77, 'pickAndRoll', 3, 0),
(11, 0, false, 6.97, 19.37, 'pickAndRoll', 3, 0),
(12, 0, false, -2.93, 26.46, 'pickAndRoll', 4, 0),
(13, 2, false, -5.01, 0.4, 'pickAndRoll', 4, 0),
(14, 2, false, -4.18, 1.21, 'pickAndRoll', 5, 1),
(15, 0, false, 4.44, 3.02, 'pickAndRoll', 5, 1),
(16, 2, false, -4.03, 0.95, 'pickAndRoll', 6, 1),
(17, 0, false, -7, 10.06, 'pickAndRoll', 5, 1),
(18, 0, false, -8.56, 2.36, 'pickAndRoll', 5, 1),
(19, 2, false, -10.74, 2, 'pickAndRoll', 7, 1),
(20, 0, false, -11.43, 4.52, 'pickAndRoll', 7, 1),
(21, 2, false, 12.31, 13.62, 'pickAndRoll', 8, 2),
(22, 0, false, -3.49, 27.93, 'pickAndRoll', 9, 2),
(23, 2, false, 2.16, 0.92, 'pickAndRoll', 10, 2),
(24, 0, false, -14.16, 21.85, 'pickAndRoll', 10, 2),
(25, 0, false, 20.61, 13.59, 'pickAndRoll', 11, 3),
(26, 3, true, 6.61, 3.13, 'pickAndRoll', 12, 3),
(27, 0, false, -2.02, 25.28, 'pickAndRoll', 12, 3),
(28, 3, false, -12.81, 21.97, 'pickAndRoll', 12, 3),
(29, 3, true, -19.57, 14.82, 'pickAndRoll', 13, 3),
(30, 3, false, 17.96, 17.66, 'pickAndRoll', 13, 3),
(31, 0, false, -21.86, 9.81, 'pickAndRoll', 14, 4),
(32, 2, false, 1.21, 8.72, 'pickAndRoll', 14, 4),
(33, 0, false, -2.09, 27.32, 'pickAndRoll', 14, 4),
(34, 2, false, 11.16, 11.29, 'pickAndRoll', 15, 4),
(35, 0, false, 2.88, 18.7, 'pickAndRoll', 16, 4),
(36, 0, false, 11, 22.58, 'pickAndRoll', 16, 4),
(37, 0, false, -9.65, 7.44, 'pickAndRoll', 16, 4),
(38, 2, false, -1.35, 1.84, 'pickAndRoll', 16, 4),
(39, 2, true, 1.44, 3.06, 'pickAndRoll', 16, 4),
(40, 0, false, 7.44, 25.82, 'pickAndRoll', 16, 4),
(41, 0, false, -3.35, 7.96, 'pickAndRoll', 17, 4),
(42, 2, false, -2.46, 0.29, 'pickAndRoll', 17, 4),
(43, 2, false, 9.59, 12.3, 'pickAndRoll', 17, 4),
(44, 0, false, -1.74, 3.91, 'pickAndRoll', 18, 4),
(45, 0, false, -3.39, 6.65, 'pickAndRoll', 18, 4),
(46, 2, false, 4.16, 2.52, 'pickAndRoll', 18, 4),
(47, 3, false, 10.08, 23.34, 'pickAndRoll', 17, 4),
(48, 0, false, 15.75, 22.57, 'pickAndRoll', 18, 4),
(49, 3, false, -4.92, 24.89, 'pickAndRoll', 18, 4),
(50, 0, false, 7.07, 11.24, 'pickAndRoll', 19, 5),
(51, 0, false, 0.59, 9.43, 'pickAndRoll', 19, 5),
(52, 0, false, 0.08, 10.81, 'pickAndRoll', 20, 5),
(53, 2, false, -3.55, 6.83, 'pickAndRoll', 20, 5),
(54, 0, false, 12.56, 10.69, 'pickAndRoll', 20, 5),
(55, 2, false, 3.44, 13.78, 'pickAndRoll', 21, 5),
(56, 0, false, -9, 6.26, 'pickAndRoll', 21, 5),
(57, 2, false, 8.05, 11.02, 'pickAndRoll', 21, 5),
(58, 2, false, 13.84, 3.1, 'pickAndRoll', 21, 5),
(59, 0, false, 2.73, 3.11, 'pickAndRoll', 21, 5),
(60, 0, false, -7.56, 14.81, 'pickAndRoll', 22, 5),
(61, 2, false, -4.21, 6.14, 'pickAndRoll', 22, 5),
(62, 0, false, -6.33, 0.26, 'pickAndRoll', 22, 5),
(63, 0, false, 2.64, 6.67, 'pickAndRoll', 22, 5),
(64, 0, false, 2.94, -0.3, 'pickAndRoll', 22, 5),
(65, 2, false, -4.59, 8.31, 'pickAndRoll', 23, 5),
(66, 3, true, 4.48, 3.68, 'pickAndRoll', 23, 5),
(67, 2, false, -6.27, 0.99, 'pickAndRoll', 24, 6),
(68, 3, false, -4.57, 28.82, 'pickAndRoll', 24, 6),
(69, 2, false, -3.13, 2.41, 'pickAndRoll', 24, 6),
(70, 2, false, -10.69, 13.03, 'pickAndRoll', 24, 6),
(71, 0, false, -0.99, 28.57, 'pickAndRoll', 24, 6),
(72, 3, false, 20.83, 15.98, 'pickAndRoll', 25, 6),
(73, 2, false, -9.23, 1.55, 'pickAndRoll', 26, 6),
(74, 0, false, -6.29, 29.16, 'pickAndRoll', 26, 6),
(75, 0, false, 7.07, 1.32, 'pickAndRoll', 26, 6),
(76, 2, false, 4.05, 2.69, 'pickAndRoll', 25, 6),
(77, 0, false, 23.69, 16.63, 'pickAndRoll', 26, 6),
(78, 3, false, 21.54, 15.87, 'pickAndRoll', 25, 6),
(79, 2, false, -9.03, 6.71, 'pickAndRoll', 26, 6),
(80, 3, true, -7.34, 7.04, 'pickAndRoll', 26, 6),
(81, 3, false, 24.12, 10.87, 'pickAndRoll', 26, 6),
(82, 2, false, -1.59, 1.54, 'pickAndRoll', 25, 6),
(83, 2, false, -2.85, 2.87, 'pickAndRoll', 25, 6),
(84, 3, false, 20.87, 16.85, 'pickAndRoll', 25, 6),
(85, 0, false, -1.26, 3.04, 'pickAndRoll', 27, 6),
(86, 3, false, -12.55, 23.56, 'pickAndRoll', 27, 6),
(87, 0, false, 13.19, 10.41, 'pickAndRoll', 27, 6),
(88, 0, false, 4.46, 0.71, 'pickAndRoll', 27, 6),
(89, 2, false, 7.11, 8.45, 'pickAndRoll', 27, 6),
(90, 0, false, 8.12, 2.62, 'pickAndRoll', 23, 6),
(91, 2, false, 3.71, 1.62, 'pickAndRoll', 23, 6),
(92, 0, false, 20.92, 17.39, 'pickAndRoll', 23, 6),
(93, 0, true, 20.57, 15.97, 'isolation', 2, 0),
(94, 2, true, 6.81, 19.89, 'isolation', 2, 0),
(95, 2, false, -0.95, 9.7, 'isolation', 1, 0),
(96, 2, false, 1.74, 5.69, 'isolation', 28, 1),
(97, 2, true, -4.31, 1.7, 'isolation', 6, 1),
(98, 0, true, -10.21, 3.76, 'isolation', 6, 1),
(99, 2, true, -3.2, 1.34, 'isolation', 6, 1),
(100, 2, false, -5.3, 5.53, 'isolation', 29, 1),
(101, 0, true, 3.43, 2.1, 'isolation', 29, 1),
(102, 0, true, 8.47, 16.75, 'isolation', 9, 2),
(103, 0, true, -7, 16.55, 'isolation', 9, 2),
(104, 0, true, -0.27, 3.68, 'isolation', 9, 2),
(105, 0, true, 1.67, 19.61, 'isolation', 10, 2),
(106, 0, true, 2.78, -0.06, 'isolation', 30, 2),
(107, 2, true, 3.02, 0.37, 'isolation', 30, 2),
(108, 0, true, 9.8, 9.08, 'isolation', 30, 2),
(109, 0, true, -11.67, 13.86, 'isolation', 8, 7),
(110, 3, true, -0.56, 25.78, 'isolation', 8, 7),
(111, 2, true, 2.82, 16.04, 'isolation', 31, 7),
(112, 2, false, 3.53, 4.38, 'isolation', 31, 7),
(113, 2, true, -0.42, 3.81, 'isolation', 32, 7),
(114, 0, true, 10.97, 2.44, 'isolation', 11, 7),
(115, 2, false, 1.28, 12.87, 'isolation', 33, 7),
(116, 0, true, 1.91, 7.61, 'isolation', 0, 8),
(117, 0, false, 2.19, 1.25, 'isolation', 34, 9),
(118, 0, true, 2.53, 3.9, 'isolation', 5, 3),
(119, 1, false, 6.55, 0.2, 'isolation', 11, 3),
(120, 2, false, -0.5, 3.27, 'isolation', 11, 3),
(121, 3, true, -11.92, 24.84, 'isolation', 15, 4),
(122, 0, true, 5.18, 24.36, 'isolation', 18, 4),
(123, 0, true, 0.23, 11.7, 'isolation', 20, 5),
(124, 2, true, -3.03, 2.08, 'isolation', 20, 5),
(125, 0, true, 13.96, -0.69, 'isolation', 19, 5),
(126, 0, true, 6.69, 10.57, 'isolation', 19, 5),
(127, 2, true, -5.05, 0.73, 'isolation', 19, 5),
(128, 0, true, -12.62, 22.35, 'isolation', 19, 5),
(129, 0, true, -7.37, 6.54, 'isolation', 21, 5),
(130, 0, true, 4.28, 1.39, 'isolation', 21, 5),
(131, 0, true, -4.05, 1.3, 'isolation', 21, 5),
(132, 0, true, 2.33, 3.27, 'isolation', 21, 5),
(133, 0, true, -7.39, 10.04, 'isolation', 23, 5),
(134, 2, true, -6.07, 7.12, 'isolation', 23, 5),
(135, 0, true, -7.78, 13.87, 'isolation', 22, 5),
(136, 0, true, 13.21, 22.17, 'isolation', 22, 5),
(137, 0, true, -8.15, 26.22, 'isolation', 26, 6),
(138, 2, true, -5.31, 1.59, 'isolation', 24, 6),
(139, 3, true, -4.57, 28.82, 'isolation', 24, 6),
(140, 2, true, -3.61, 4.01, 'isolation', 24, 6),
(141, 0, true, -9.67, 28.34, 'isolation', 24, 6),
(142, 0, true, -4.49, 2.52, 'isolation', 25, 6),
(143, 0, true, -2.23, 28.35, 'isolation', 25, 6),
(144, 2, false, -4.18, 8.56, 'isolation', 23, 6),
(145, 2, false, 0.19, 6.65, 'isolation', 23, 6),
(146, 2, true, -3.47, 3.48, 'isolation', 27, 6),
(147, 2, false, -0.97, 2.28, 'isolation', 27, 6),
(148, 0, true, -4.16, 0.47, 'isolation', 27, 6),
(149, 3, true, -12.55, 23.56, 'isolation', 27, 6),
(150, 0, true, 13.64, 11.31, 'isolation', 27, 6),
(151, 0, true, -17.87, 21.34, 'isolation', 27, 6),
(152, 0, true, -4.62, 11.3, 'isolation', 27, 6),
(153, 0, true, 3.67, 2.9, 'isolation', 23, 6),
(154, 2, false, 2.94, 6.62, 'postUp', 26, 6),
(155, 0, false, 13.83, 8.19, 'postUp', 26, 6),
(156, 2, true, 4.87, 2.76, 'postUp', 5, 3),
(157, 0, false, -7.63, 3.83, 'postUp', 35, 8),
(158, 0, false, 10.26, -5.01, 'postUp', 20, 5),
(159, 2, false, 3.52, 0.48, 'postUp', 33, 7),
(160, 2, false, 0.25, 14.52, 'postUp', 33, 7),
(161, 2, false, -15.88, 6.58, 'postUp', 24, 6),
(162, 2, false, -3.1, 4.75, 'postUp', 36, 8),
(163, 2, true, -2.39, 2.05, 'postUp', 36, 8),
(164, 2, true, 2.49, 0.18, 'postUp', 8, 7),
(165, 0, false, 1.81, 11.18, 'postUp', 8, 7),
(166, 2, false, -6.61, 2.95, 'postUp', 24, 6),
(167, 0, false, 8.75, 0.67, 'postUp', 23, 6),
(168, 0, false, 13.43, -0.05, 'postUp', 30, 2),
(169, 2, false, -0.45, 4.88, 'postUp', 20, 8),
(170, 2, false, -1.2, 5.39, 'postUp', 27, 6),
(171, 0, false, 4.72, 2.11, 'postUp', 27, 6),
(172, 0, false, -3, 9.81, 'postUp', 32, 7),
(173, 0, false, -0.49, 4.35, 'postUp', 0, 8),
(174, 0, false, 0.5, 5.53, 'postUp', 31, 7),
(175, 2, false, 17.32, 4.5, 'postUp', 25, 6),
(176, 2, true, -16.13, 7.55, 'postUp', 25, 6),
(177, 2, false, 7.9, 8.59, 'postUp', 27, 6),
(178, 4, false, 11.63, 23.77, 'offBallScreen', 0, 0),
(179, 3, false, -19.63, 14.74, 'offBallScreen', 0, 0),
(180, 0, true, 14.25, 21.37, 'offBallScreen', 1, 0),
(181, 0, true, 15.36, 20.31, 'offBallScreen', 0, 8),
(182, 0, true, -4.75, 25.5, 'offBallScreen', 35, 8),
(183, 2, true, 22.8, 4.7, 'offBallScreen', 17, 3),
(184, 2, true, -2.51, 0.33, 'offBallScreen', 13, 3),
(185, 2, true, -0.71, 4.94, 'offBallScreen', 13, 3),
(186, 2, true, 2.86, 17.84, 'offBallScreen', 12, 3),
(187, 0, true, -9.52, 23.08, 'offBallScreen', 5, 3),
(188, 0, true, -9.08, 22.46, 'offBallScreen', 17, 3),
(189, 2, true, 8.58, 12.23, 'offBallScreen', 17, 4),
(190, 0, true, -2.09, 27.32, 'offBallScreen', 14, 4),
(191, 2, true, -3, 2.38, 'offBallScreen', 25, 6);

-- Insert passes data
INSERT INTO passes (pass_id, completed_pass, potential_assist, turnover, ball_start_loc_x, ball_start_loc_y, ball_end_loc_x, ball_end_loc_y, action_type, game_id, player_id) VALUES 
(1, true, false, false, 5.48, 23.03, 2.69, 22.48, 'pickAndRoll', 0, 0),
(2, true, false, false, -6.94, 24.15, -9.85, 22.56, 'pickAndRoll', 0, 0),
(4, true, true, false, -3.8, 26.33, -5.08, 14.57, 'pickAndRoll', 0, 8),
(5, true, true, false, -16.36, 24.11, -19.65, 18.36, 'pickAndRoll', 15, 4),
(7, true, false, false, 2.82, 29.2, 17.12, 23.49, 'pickAndRoll', 25, 6),
(8, true, false, false, -22.79, 9.4, 20.17, 4.78, 'pickAndRoll', 25, 6),
(9, true, false, false, -4.71, 37.7, 10.64, 30.24, 'pickAndRoll', 25, 6),
(10, true, false, false, -0.12, 31.39, 1.16, 28.94, 'pickAndRoll', 25, 6),
(11, true, true, false, 0.46, 10.4, -19.48, 4.53, 'pickAndRoll', 25, 6),
(12, true, true, false, -6.04, 6.65, -0.59, 0.57, 'pickAndRoll', 25, 6),
(13, true, true, false, 9.3, 20.67, 7.53, 18.4, 'pickAndRoll', 20, 5),
(14, true, true, false, 1.55, 26.01, -7.5, 26.33, 'pickAndRoll', 9, 2),
(15, true, false, false, -0.41, 18.38, -14.2, 21.48, 'pickAndRoll', 9, 2),
(16, true, false, false, -16.23, 15.32, -7.36, 24.13, 'pickAndRoll', 9, 2),
(17, false, false, true, 6.12, 22.28, 4.44, 19.66, 'pickAndRoll', 35, 8),
(18, true, false, false, 3.83, 6.93, -10.36, 20.16, 'pickAndRoll', 29, 1),
(19, true, true, false, 21.31, 28.57, 17.47, 19.81, 'pickAndRoll', 27, 6),
(20, true, true, false, -3.37, 3.89, -19.49, 1.49, 'pickAndRoll', 27, 6),
(22, true, true, false, 8.17, 6.51, -10.51, 20.8, 'pickAndRoll', 27, 6),
(23, true, false, false, -6.26, 28.39, 18.55, 6.55, 'pickAndRoll', 27, 6),
(24, true, true, false, 7.28, 13.74, -14.27, 18.87, 'pickAndRoll', 27, 6),
(26, true, true, false, 3.86, 8.09, 1.32, 1.57, 'pickAndRoll', 27, 6),
(27, true, true, false, 6, 7.68, 11.34, 6.62, 'pickAndRoll', 22, 5),
(28, true, false, false, -5.02, 25.16, -6.51, 18.51, 'pickAndRoll', 4, 0),
(29, true, false, false, 1.75, 30.02, 1.98, 22.2, 'pickAndRoll', 4, 0),
(32, true, false, false, 17.11, 23.68, 9.75, 14.88, 'pickAndRoll', 4, 0),
(33, true, false, false, 0.36, 30.78, 15.58, 21.29, 'pickAndRoll', 4, 0),
(34, true, false, false, -11.87, 18.28, -7.93, 15.37, 'pickAndRoll', 4, 0),
(35, true, false, false, -18.73, 12.99, -15.95, 11.51, 'pickAndRoll', 4, 0),
(36, true, false, false, 1.26, 19.39, -16.89, 21.86, 'pickAndRoll', 11, 3),
(37, true, true, false, 8.39, 16.59, 7.42, 16.72, 'pickAndRoll', 1, 0),
(38, true, true, false, 16.04, 2.93, 10.29, 10.36, 'pickAndRoll', 1, 0),
(39, true, true, false, -4.25, 29.91, 18.33, 10.9, 'pickAndRoll', 1, 0),
(41, true, false, false, 4.16, 31.27, -6.37, 34.19, 'pickAndRoll', 28, 1),
(42, true, false, false, -5.16, 26.84, 17.54, 18.35, 'pickAndRoll', 28, 1),
(43, true, true, false, 0.39, 16.04, -10.96, 18.92, 'pickAndRoll', 19, 5),
(44, true, true, false, -10.06, 11.73, 0.33, 26.79, 'pickAndRoll', 19, 5),
(45, true, false, false, 1.11, 34.83, 7.61, 29.28, 'pickAndRoll', 19, 5),
(46, true, false, false, 0.35, 28.56, -5.12, 22.7, 'pickAndRoll', 19, 5),
(47, true, false, false, 3.19, 19.85, 4.97, 18.08, 'pickAndRoll', 19, 5),
(48, true, false, false, 17.87, 26.93, 5.67, 24.53, 'pickAndRoll', 19, 5),
(49, true, false, false, 3.76, 25.94, 3.78, 24.26, 'pickAndRoll', 19, 5),
(50, true, false, false, 5.33, 17.98, 6.72, 18.06, 'pickAndRoll', 19, 5),
(51, true, false, false, -21.57, 28.62, -15.97, 29.58, 'pickAndRoll', 19, 5),
(52, true, false, false, -16.71, 25.4, -1.56, 34.23, 'pickAndRoll', 19, 5),
(53, true, false, false, -12.46, 21.14, -11.4, 21.57, 'pickAndRoll', 19, 5),
(54, true, true, false, -16.88, 6.78, -17.04, 15.43, 'pickAndRoll', 20, 5),
(55, false, false, true, -6.2, 25.35, -4.72, 19.54, 'pickAndRoll', 16, 4),
(56, true, true, false, -3.59, 14.87, -17.15, 14.84, 'pickAndRoll', 16, 4),
(57, false, false, true, 0.26, 24.04, -3.45, 18.48, 'pickAndRoll', 16, 4),
(58, true, false, false, -7.71, 0.97, -12.56, 18.28, 'pickAndRoll', 2, 0),
(59, false, false, true, -9.76, 10.07, 1.4, 7.21, 'pickAndRoll', 2, 0),
(61, true, true, false, -1.45, 22.22, -5.22, 21.49, 'pickAndRoll', 2, 0),
(62, true, false, false, 9.3, 23.74, 21.01, 14.4, 'pickAndRoll', 7, 1),
(63, true, false, false, -8.16, 28.82, -21.68, 3.42, 'pickAndRoll', 13, 3),
(64, true, false, false, -19.41, 12.11, -21.22, 6.73, 'pickAndRoll', 37, 8),
(65, true, true, false, 8.88, 17, 2.42, 7.23, 'pickAndRoll', 26, 6),
(66, true, true, false, -15.05, 24.97, -3.09, 7.44, 'pickAndRoll', 26, 6),
(67, true, true, false, -8.81, 4.74, -0.5, 2.68, 'pickAndRoll', 26, 6),
(69, true, true, false, 13.28, 3.99, 20.88, 3.05, 'pickAndRoll', 26, 6),
(71, true, true, false, -6.15, 18.48, -0.35, 17.01, 'pickAndRoll', 21, 5),
(72, true, true, false, 1.48, 16.75, 11.32, 20.34, 'pickAndRoll', 21, 5),
(73, true, false, false, -5.79, 36.9, -3.36, 32.6, 'pickAndRoll', 21, 5),
(74, true, true, false, -1.97, 27.86, -15.04, 24.94, 'pickAndRoll', 21, 5),
(75, true, false, false, -14.43, 19.75, 20.34, 17.09, 'pickAndRoll', 21, 5),
(76, true, false, false, -2.62, 18.19, -19.98, 14.57, 'pickAndRoll', 21, 5),
(77, true, true, false, -10.47, 22.67, -17.13, 15.92, 'pickAndRoll', 3, 0),
(78, true, false, false, 3, 21.8, -3.3, 16.88, 'pickAndRoll', 3, 0),
(80, true, false, false, 4.06, 8.53, -13.68, 3.09, 'pickAndRoll', 3, 0),
(81, true, false, false, -17.44, 28.9, -19.12, 24.25, 'pickAndRoll', 18, 4),
(82, true, false, false, -0.39, 23.84, 3.81, 11.83, 'pickAndRoll', 18, 4),
(83, true, true, false, -10.88, 11.8, 19.16, 2.91, 'pickAndRoll', 18, 4),
(84, true, true, false, 6.8, -2.9, 21.01, -0.31, 'pickAndRoll', 18, 4),
(85, true, false, false, -5.11, 18.98, -13.52, 17.57, 'pickAndRoll', 18, 4),
(86, true, true, false, -12.58, 16.24, 20.1, 5.93, 'pickAndRoll', 18, 4),
(87, true, true, false, 1.09, 31.79, -17.6, 18.15, 'pickAndRoll', 17, 4),
(88, true, false, false, 22.94, 20.58, 14.57, 23.37, 'pickAndRoll', 17, 3),
(89, true, false, false, 7.82, 23.28, 11.43, 11.54, 'pickAndRoll', 17, 4),
(90, true, true, false, 7.49, 6.3, -17.5, 22.96, 'pickAndRoll', 17, 3),
(91, true, false, false, -6.92, 23.1, -13.35, 7.53, 'pickAndRoll', 17, 4),
(92, true, true, false, 7.25, 25, 3.86, 13.28, 'pickAndRoll', 23, 6),
(93, true, false, false, -11.51, 31.45, -0.29, 28.95, 'pickAndRoll', 23, 6),
(94, true, true, false, 3.82, 4.17, 1.84, 3.54, 'pickAndRoll', 23, 6),
(95, true, false, false, 3.6, 8.89, 16.49, 13.14, 'pickAndRoll', 23, 5),
(96, true, false, false, -15.64, 19.49, -17.71, 14.28, 'pickAndRoll', 23, 6),
(97, true, false, false, 5.71, 25.07, 12.64, 25.13, 'pickAndRoll', 23, 6),
(98, true, true, false, -1.29, 11.76, 19.51, 4.67, 'pickAndRoll', 23, 6),
(99, true, true, false, 2.68, 2.27, -21.22, 1.75, 'pickAndRoll', 23, 6),
(101, true, true, false, 2.08, 7.06, -7.31, 20.31, 'pickAndRoll', 23, 6),
(102, true, true, false, 3.46, 8.11, 17.02, -0.21, 'pickAndRoll', 23, 6),
(103, true, true, false, -3.15, 5.22, 21.47, 1.99, 'pickAndRoll', 23, 6),
(104, true, false, false, 4.76, 13.47, 3.31, 15.19, 'pickAndRoll', 23, 5),
(105, true, true, false, 7, 11.78, 4, 21.5, 'pickAndRoll', 23, 6),
(107, true, true, false, -7.71, 20.96, 2.36, 17.24, 'pickAndRoll', 23, 5),
(108, true, false, false, -12.85, 6.3, -4.25, 5.99, 'pickAndRoll', 24, 6),
(110, true, true, false, -12.07, 12.71, -4.37, 14.88, 'pickAndRoll', 24, 6),
(111, false, false, true, 9, 15.82, 6.81, 13.77, 'pickAndRoll', 24, 6),
(112, true, false, false, 21.03, 25.11, 23.06, 10.67, 'pickAndRoll', 5, 3),
(113, true, false, false, 12.73, 35.32, 15.21, 26.13, 'pickAndRoll', 5, 3),
(115, true, true, false, 6.18, 17.94, -20.94, 4.13, 'pickAndRoll', 5, 3),
(116, true, false, false, -23.68, 20.03, -9.21, 26.78, 'pickAndRoll', 5, 3),
(117, true, false, false, -9.84, 12.19, 19.78, 3.93, 'isolation', 27, 6),
(118, true, true, false, 5.39, 6.61, 7.96, 6.98, 'isolation', 22, 5),
(120, true, true, false, 2.76, 7.91, 0.31, 1.52, 'isolation', 27, 6),
(121, true, false, false, 3.81, 10.16, -4.88, 22.79, 'isolation', 27, 6),
(122, true, true, false, 7.7, 3.21, 6.57, 27.38, 'isolation', 27, 6),
(123, true, true, false, 9.56, 6.81, 20.38, 7.26, 'isolation', 35, 8),
(124, true, false, false, -4.11, 19.6, -14.58, 17.82, 'isolation', 35, 8),
(125, true, true, false, 10, 17.6, 3.55, 8.35, 'isolation', 26, 6),
(126, true, false, false, -10.16, 5.73, -20.39, 4.34, 'isolation', 26, 6),
(127, true, true, false, 5.51, 8.5, 17.82, 4.23, 'isolation', 20, 5),
(128, true, false, false, -0.86, 13.61, 18.37, 13.81, 'isolation', 12, 3),
(129, true, false, false, -0.54, 10.94, -17.26, 2.2, 'isolation', 0, 0),
(130, true, true, false, -1.89, 7.08, -3.57, 6.85, 'isolation', 16, 4),
(131, true, true, false, -3.83, 10.37, -13.21, 21.93, 'isolation', 13, 3),
(132, true, true, false, -1.12, 11.66, -4.37, 14.99, 'isolation', 6, 1),
(134, true, true, false, -8.15, 9.25, 19.57, 4.22, 'isolation', 20, 8),
(135, false, false, true, -11.76, 9.45, -9.84, 4.88, 'isolation', 20, 5),
(136, true, false, false, 2.26, 8.39, 20.88, 3.66, 'isolation', 0, 8),
(138, true, false, false, -3.4, 13.59, -15.43, 16.95, 'isolation', 11, 3),
(139, true, false, false, 8.86, 15.6, -10, 20.45, 'isolation', 25, 6),
(140, true, false, false, 17.94, 24.1, 1.31, 23.65, 'isolation', 25, 6),
(141, true, true, false, -12.85, 6.3, -4.25, 5.99, 'isolation', 32, 7),
(142, true, true, false, -0.36, 16.76, 9.98, 20.6, 'isolation', 21, 5),
(143, true, true, false, 4.52, 10.49, 20.88, 4.41, 'isolation', 26, 6),
(144, true, true, false, 9.71, 8.18, 19.83, 3.06, 'isolation', 23, 5),
(145, true, true, false, 10.65, 2.25, 17.88, 10.61, 'postUp', 11, 7),
(146, true, false, false, -13.86, 8.05, -15.54, 22.7, 'postUp', 31, 7),
(147, true, false, false, 5.1, 7.9, -11.61, 18.81, 'postUp', 7, 1),
(148, true, true, false, 4.03, 8.92, -2.49, 10.43, 'postUp', 7, 1),
(150, true, false, false, -10.24, -0.13, -11.97, 21.8, 'postUp', 2, 9),
(151, true, false, false, 17.36, 13.52, -6.9, 25.54, 'postUp', 33, 7),
(152, true, true, false, 2.96, 10.92, 10.95, 19.39, 'postUp', 37, 8),
(153, true, true, false, 9.02, 7.05, -5.71, 26.92, 'postUp', 11, 7),
(154, true, false, false, 12.49, 5.68, 11.31, 21.83, 'postUp', 38, 2),
(156, true, false, false, -4.84, 26.89, -6.85, 27.67, 'postUp', 0, 8),
(158, true, false, false, 9.27, 10.01, -7.93, 21.09, 'postUp', 0, 8),
(160, true, false, false, -4.15, 6.79, 0.74, 21.51, 'postUp', 0, 8),
(161, true, false, false, 19.63, 11.67, 14.95, 20.69, 'postUp', 29, 1),
(163, true, true, false, 9.82, 8.36, -11.44, 20, 'postUp', 27, 6),
(164, true, false, false, 2.11, 12.58, 12.1, 23.51, 'postUp', 28, 1),
(165, true, false, false, 12.22, 3.18, -16.23, -6.25, 'postUp', 31, 7),
(166, true, false, false, 2.36, 27.14, 8.5, 25.77, 'postUp', 38, 2),
(167, true, true, false, 1.54, 2.42, -17.38, 2.93, 'postUp', 23, 6),
(168, true, true, false, -3.93, 5.75, -20.41, 3.58, 'postUp', 27, 6),
(169, true, true, false, 8.98, 12.48, -11.82, 19.23, 'postUp', 27, 6),
(170, true, false, false, -1.12, -1.39, 4.25, 20.88, 'postUp', 9, 2),
(171, true, false, false, -15.02, 18, -20.93, 14.25, 'postUp', 9, 2),
(173, true, false, false, 13.27, 5.39, -9.29, 23.4, 'postUp', 22, 5),
(174, true, true, false, 5.36, 10.14, -21.16, 4.17, 'postUp', 35, 8),
(175, true, false, false, -1.21, 39.89, -10.01, 35.9, 'postUp', 35, 8),
(176, true, false, false, 2.9, 31.41, -7.19, 23.26, 'offBallScreen', 0, 0),
(177, true, true, false, 2.87, 24.46, 0.88, 24.21, 'offBallScreen', 28, 1),
(178, true, true, false, -15.57, 5.91, -6.79, 7.51, 'offBallScreen', 37, 8),
(179, true, false, false, -3.99, 32, -17.22, 19.55, 'offBallScreen', 37, 8),
(181, true, true, false, -15.07, -2.19, 19.78, -3.02, 'offBallScreen', 20, 8),
(182, true, false, false, -7.36, 30.49, -19.76, 20.74, 'offBallScreen', 20, 8),
(184, true, true, false, -14.98, 1.25, -2.88, 8.56, 'offBallScreen', 20, 8),
(185, true, true, false, 5.02, 14.32, 17.89, 9.79, 'offBallScreen', 35, 8),
(186, true, false, false, -3.11, 7.85, -5.26, 14.2, 'offBallScreen', 36, 8),
(187, true, false, false, 23.46, 19.55, 14.43, 21.62, 'offBallScreen', 36, 8),
(188, true, false, false, -8.29, 27.86, -14.34, 22.7, 'offBallScreen', 36, 8),
(190, true, false, false, 1.9, 19.3, -18, 20.13, 'offBallScreen', 11, 3),
(191, true, false, false, 7.68, 8.96, 21.33, 4.75, 'offBallScreen', 11, 3);

-- Insert turnovers data
INSERT INTO turnovers (turnover_id, tov_loc_x, tov_loc_y, action_type, game_id, player_id) VALUES 
(0, -12.06, 9.4, 'pickAndRoll', 2, 0),
(1, 1.78, 9.58, 'pickAndRoll', 38, 2),
(2, 7.61, 24.29, 'pickAndRoll', 35, 8),
(3, -23.87, 26.84, 'pickAndRoll', 17, 3),
(4, -6.17, 26.09, 'pickAndRoll', 16, 4),
(5, 1.42, 26.22, 'pickAndRoll', 16, 4),
(6, -23.05, 27.65, 'pickAndRoll', 19, 5),
(7, -5.2, 5.03, 'pickAndRoll', 26, 6),
(8, 11.48, 16.83, 'pickAndRoll', 24, 6),
(9, -9.14, 9.86, 'isolation', 20, 5),
(10, -4.58, 12.84, 'postUp', 5, 3),
(11, 4.89, 0.39, 'postUp', 29, 1),
(12, 3.73, 4.5, 'postUp', 38, 2),
(13, -8.61, -1.67, 'offBallScreen', 36, 8);

-- Sequences will be automatically managed by Django
